{
  "total_return": 0.11342975375040876,
  "annualized_return": 0.15327875508772082,
  "volatility": 0.15523682329968916,
  "sharpe_ratio": 0.9966904636495207,
  "max_drawdown": -0.09989836316492186,
  "total_trades": 2042,
  "total_holds": 4447,
  "total_periods": 6600,
  "trade_frequency": 0.3093939393939394,
  "hold_frequency": 0.6737878787878788,
  "hold_reasons": {
    "HOLD_POSITION": 4447
  },
  "win_rate": 0.10773751224289912,
  "final_balance": 11126.714961117685,
  "final_position": 0.0,
  "final_portfolio_value": 11134.297537504088
}