{
  "total_return": 0.22265274714726813,
  "annualized_return": 0.19255259048863582,
  "volatility": 0.08063443315584654,
  "sharpe_ratio": 2.2244391451294874,
  "max_drawdown": -0.06458662066572034,
  "total_trades": 950,
  "total_holds": 9051,
  "total_periods": 10000,
  "trade_frequency": 0.095,
  "hold_frequency": 0.9051,
  "hold_reasons": {
    "HOLD_NO_POSITION": 68,
    "HOLD_POSITION": 8983
  },
  "win_rate": 0.0,
  "final_balance": 122246.17392460107,
  "final_position": 0.0,
  "final_portfolio_value": 122265.27471472681
}