{
  "total_observations": 10000,
  "signal_direction_distribution": {
    "HOLD": 9051,
    "LONG": 856,
    "SHORT": 93
  },
  "trade_outcome_distribution": {
    "HOLD_POSITION": 9051,
    "EXECUTED": 949
  },
  "execution_rate_by_direction": {
    "HOLD": {
      "execution_rate": 0.0,
      "total_signals": 9051,
      "executed_trades": "0"
    },
    "LONG": {
      "execution_rate": 1.0,
      "total_signals": 856,
      "executed_trades": "856"
    },
    "SHORT": {
      "execution_rate": 1.0,
      "total_signals": 93,
      "executed_trades": "93"
    }
  },
  "execution_rate_by_confidence": {
    "Very_High": {
      "execution_rate": 0.050784720165827656,
      "total_signals": 6754,
      "avg_target_pct": 0.009809098173629096
    },
    "Medium": {
      "execution_rate": 0.14104046242774568,
      "total_signals": 865,
      "avg_target_pct": 0.0054259510567721755
    },
    "Low": {
      "execution_rate": 0.35812133072407043,
      "total_signals": 1022,
      "avg_target_pct": 0.0054345372057390045
    },
    "High": {
      "execution_rate": 0.08682855040470934,
      "total_signals": 1359,
      "avg_target_pct": 0.009279836468171548
    }
  },
  "execution_rate_by_strength": {
    "Very_Low": {
      "execution_rate": 0.0,
      "total_signals": 9051,
      "avg_confidence": 8.67086509777925
    },
    "Low": {
      "execution_rate": 1.0,
      "total_signals": 949,
      "avg_confidence": 6.284510010537407
    }
  },
  "average_metrics_by_outcome": {
    "HOLD_POSITION": {
      "count": 9051,
      "avg_signal_strength": 0.1491177077876857,
      "avg_confidence": 8.67086509777925,
      "avg_target_pct": 0.008909412082591824,
      "avg_prob_directional": 0.5183269823357551,
      "avg_signal_quality_score": 0.006665808150409599
    },
    "EXECUTED": {
      "count": 949,
      "avg_signal_strength": 0.4511493378184648,
      "avg_confidence": 6.284510010537407,
      "avg_target_pct": 0.008925608802708773,
      "avg_prob_directional": 0.5307639268452526,
      "avg_signal_quality_score": 0.014649540149182091
    }
  },
  "threshold_analysis": {
    "above_threshold": {
      "count": 1022,
      "execution_rate": 0.35812133072407043,
      "avg_signal_strength": 0.2626117062953234
    },
    "below_threshold": {
      "count": 8978,
      "execution_rate": 0.0649365114724883,
      "avg_signal_strength": 0.16812385062845242
    }
  },
  "time_analysis": {
    "execution_rate_by_hour": {
      "0": 0.0625,
      "1": 0.11057692307692307,
      "2": 0.15865384615384615,
      "3": 0.14423076923076922,
      "4": 0.1201923076923077,
      "5": 0.12740384615384615,
      "6": 0.11057692307692307,
      "7": 0.07451923076923077,
      "8": 0.1079136690647482,
      "9": 0.11750599520383694,
      "10": 0.1079136690647482,
      "11": 0.08633093525179857,
      "12": 0.09832134292565947,
      "13": 0.11031175059952038,
      "14": 0.07673860911270983,
      "15": 0.07434052757793765,
      "16": 0.07434052757793765,
      "17": 0.08872901678657075,
      "18": 0.050359712230215826,
      "19": 0.07434052757793765,
      "20": 0.08633093525179857,
      "21": 0.0815347721822542,
      "22": 0.06474820143884892,
      "23": 0.06954436450839328
    },
    "execution_rate_by_day": {
      "Friday": 0.10544692737430168,
      "Monday": 0.11388888888888889,
      "Saturday": 0.03958333333333333,
      "Sunday": 0.052083333333333336,
      "Thursday": 0.1228813559322034,
      "Tuesday": 0.1285310734463277,
      "Wednesday": 0.10310734463276836
    },
    "weekend_vs_weekday": {
      "weekend_execution_rate": 0.04583333333333333,
      "weekday_execution_rate": 0.11474719101123595
    }
  }
}