{
  "total_return": 0.18826590080117844,
  "annualized_return": 0.257276574862247,
  "volatility": 0.1503268932119368,
  "sharpe_ratio": 1.59832139025686,
  "max_drawdown": -0.08845763793159031,
  "total_trades": 2105,
  "total_holds": 4447,
  "total_periods": 6600,
  "trade_frequency": 0.31893939393939397,
  "hold_frequency": 0.6737878787878788,
  "hold_reasons": {
    "HOLD_POSITION": 4447
  },
  "win_rate": 0.10641330166270783,
  "final_balance": 11880.275662156346,
  "final_position": 0.0,
  "final_portfolio_value": 11882.659008011784
}