{
  "total_observations": 6600,
  "signal_direction_distribution": {
    "HOLD": 4447,
    "LONG": 1589,
    "SHORT": 564
  },
  "trade_outcome_distribution": {
    "HOLD_POSITION": 4447,
    "EXECUTED": 2104,
    "HOLD_NO_POSITION": 49
  },
  "execution_rate_by_direction": {
    "SHORT": {
      "execution_rate": 1.0,
      "total_signals": 564,
      "executed_trades": "564"
    },
    "LONG": {
      "execution_rate": 0.9691629955947136,
      "total_signals": 1589,
      "executed_trades": "1540"
    },
    "HOLD": {
      "execution_rate": 0.0,
      "total_signals": 4447,
      "executed_trades": "0"
    }
  },
  "execution_rate_by_confidence": {
    "Very_High": {
      "execution_rate": 0.2613042490343104,
      "total_signals": 4401,
      "avg_target_pct": 0.01882844552623705
    },
    "Medium": {
      "execution_rate": 0.4369747899159664,
      "total_signals": 595,
      "avg_target_pct": 0.016287159703094373
    },
    "High": {
      "execution_rate": 0.36315228966986157,
      "total_signals": 939,
      "avg_target_pct": 0.023081873096151728
    },
    "Low": {
      "execution_rate": 0.530827067669173,
      "total_signals": 665,
      "avg_target_pct": 0.01021470161911695
    }
  },
  "execution_rate_by_strength": {
    "Low": {
      "execution_rate": 0.9766877124817873,
      "total_signals": 2059,
      "avg_confidence": 7.799902865468674
    },
    "Very_Low": {
      "execution_rate": 0.0,
      "total_signals": 4447,
      "avg_confidence": 8.765234989880819
    },
    "Medium": {
      "execution_rate": 0.9886363636363636,
      "total_signals": 88,
      "avg_confidence": 5.386363636363637
    },
    "Very_High": {
      "execution_rate": 1.0,
      "total_signals": 3,
      "avg_confidence": 6.666666666666667
    },
    "High": {
      "execution_rate": 1.0,
      "total_signals": 3,
      "avg_confidence": 6.666666666666667
    }
  },
  "average_metrics_by_outcome": {
    "EXECUTED": {
      "count": 2104,
      "avg_signal_strength": 0.4566502884329851,
      "avg_confidence": 7.72148288973384,
      "avg_target_pct": 0.02055974193084699,
      "avg_prob_directional": 0.5359959466473874,
      "avg_signal_quality_score": 0.01858522665882004
    },
    "HOLD_POSITION": {
      "count": 4447,
      "avg_signal_strength": 0.14769171812094087,
      "avg_confidence": 8.765234989880819,
      "avg_target_pct": 0.01714155007684898,
      "avg_prob_directional": 0.5204565996702673,
      "avg_signal_quality_score": 0.006701190714117414
    },
    "HOLD_NO_POSITION": {
      "count": 49,
      "avg_signal_strength": 0.4590032749515153,
      "avg_confidence": 6.6938775510204085,
      "avg_target_pct": 0.03133334661347261,
      "avg_prob_directional": 0.5400038528841358,
      "avg_signal_quality_score": 0.01622306346644594
    }
  },
  "threshold_analysis": {
    "above_threshold": {
      "count": 665,
      "execution_rate": 0.530827067669173,
      "avg_signal_strength": 0.3293484394392392
    },
    "below_threshold": {
      "count": 5935,
      "execution_rate": 0.29502948609941027,
      "avg_signal_strength": 0.23943584255979017
    }
  },
  "time_analysis": {
    "execution_rate_by_hour": {
      "0": 0.33090909090909093,
      "1": 0.3018181818181818,
      "2": 0.3018181818181818,
      "3": 0.34545454545454546,
      "4": 0.31272727272727274,
      "5": 0.3236363636363636,
      "6": 0.33090909090909093,
      "7": 0.36727272727272725,
      "8": 0.34545454545454546,
      "9": 0.33090909090909093,
      "10": 0.31272727272727274,
      "11": 0.3054545454545455,
      "12": 0.3090909090909091,
      "13": 0.34545454545454546,
      "14": 0.33090909090909093,
      "15": 0.29818181818181816,
      "16": 0.32,
      "17": 0.3054545454545455,
      "18": 0.3054545454545455,
      "19": 0.33454545454545453,
      "20": 0.2581818181818182,
      "21": 0.3054545454545455,
      "22": 0.2727272727272727,
      "23": 0.3563636363636364
    },
    "execution_rate_by_day": {
      "Friday": 0.34935897435897434,
      "Monday": 0.3375,
      "Saturday": 0.30982905982905984,
      "Sunday": 0.278125,
      "Thursday": 0.3002136752136752,
      "Tuesday": 0.31517094017094016,
      "Wednesday": 0.3418803418803419
    },
    "weekend_vs_weekday": {
      "weekend_execution_rate": 0.29377637130801687,
      "weekday_execution_rate": 0.3288690476190476
    }
  }
}