{
  "total_observations": 6600,
  "signal_direction_distribution": {
    "HOLD": 4447,
    "LONG": 1589,
    "SHORT": 564
  },
  "trade_outcome_distribution": {
    "HOLD_POSITION": 4447,
    "EXECUTED": 2153
  },
  "execution_rate_by_direction": {
    "SHORT": {
      "execution_rate": 1.0,
      "total_signals": 564,
      "executed_trades": "564"
    },
    "LONG": {
      "execution_rate": 1.0,
      "total_signals": 1589,
      "executed_trades": "1589"
    },
    "HOLD": {
      "execution_rate": 0.0,
      "total_signals": 4447,
      "executed_trades": "0"
    }
  },
  "execution_rate_by_confidence": {
    "Very_High": {
      "execution_rate": 0.2656214496705294,
      "total_signals": 4401,
      "avg_target_pct": 0.01325608507733026
    },
    "Medium": {
      "execution_rate": 0.453781512605042,
      "total_signals": 595,
      "avg_target_pct": 0.006559011216231369
    },
    "High": {
      "execution_rate": 0.3706070287539936,
      "total_signals": 939,
      "avg_target_pct": 0.011556073443591556
    },
    "Low": {
      "execution_rate": 0.5503759398496241,
      "total_signals": 665,
      "avg_target_pct": 0.006960506143797809
    }
  },
  "execution_rate_by_strength": {
    "Low": {
      "execution_rate": 1.0,
      "total_signals": 2059,
      "avg_confidence": 7.799902865468674
    },
    "Very_Low": {
      "execution_rate": 0.0,
      "total_signals": 4447,
      "avg_confidence": 8.765234989880819
    },
    "Medium": {
      "execution_rate": 1.0,
      "total_signals": 88,
      "avg_confidence": 5.386363636363637
    },
    "Very_High": {
      "execution_rate": 1.0,
      "total_signals": 3,
      "avg_confidence": 6.666666666666667
    },
    "High": {
      "execution_rate": 1.0,
      "total_signals": 3,
      "avg_confidence": 6.666666666666667
    }
  },
  "average_metrics_by_outcome": {
    "EXECUTED": {
      "count": 2153,
      "avg_signal_strength": 0.45670383991436364,
      "avg_confidence": 7.698095680445889,
      "avg_target_pct": 0.0156538612255932,
      "avg_prob_directional": 0.5360871623490132,
      "avg_signal_quality_score": 0.018531466326062805
    },
    "HOLD_POSITION": {
      "count": 4447,
      "avg_signal_strength": 0.14769171812094087,
      "avg_confidence": 8.765234989880819,
      "avg_target_pct": 0.009898756111860574,
      "avg_prob_directional": 0.5204565996702673,
      "avg_signal_quality_score": 0.006701190714117414
    }
  },
  "threshold_analysis": {
    "above_threshold": {
      "count": 665,
      "execution_rate": 0.5503759398496241,
      "avg_signal_strength": 0.3293484394392392
    },
    "below_threshold": {
      "count": 5935,
      "execution_rate": 0.30109519797809603,
      "avg_signal_strength": 0.23943584255979017
    }
  },
  "time_analysis": {
    "execution_rate_by_hour": {
      "0": 0.33090909090909093,
      "1": 0.3054545454545455,
      "2": 0.3054545454545455,
      "3": 0.34545454545454546,
      "4": 0.31636363636363635,
      "5": 0.33090909090909093,
      "6": 0.33454545454545453,
      "7": 0.3709090909090909,
      "8": 0.3563636363636364,
      "9": 0.33454545454545453,
      "10": 0.3236363636363636,
      "11": 0.31272727272727274,
      "12": 0.32,
      "13": 0.3490909090909091,
      "14": 0.3418181818181818,
      "15": 0.3090909090909091,
      "16": 0.33090909090909093,
      "17": 0.31272727272727274,
      "18": 0.31272727272727274,
      "19": 0.3490909090909091,
      "20": 0.26545454545454544,
      "21": 0.32,
      "22": 0.28,
      "23": 0.3709090909090909
    },
    "execution_rate_by_day": {
      "Friday": 0.358974358974359,
      "Monday": 0.3458333333333333,
      "Saturday": 0.3108974358974359,
      "Sunday": 0.29583333333333334,
      "Thursday": 0.30448717948717946,
      "Tuesday": 0.32051282051282054,
      "Wednesday": 0.3472222222222222
    },
    "weekend_vs_weekday": {
      "weekend_execution_rate": 0.3032700421940928,
      "weekday_execution_rate": 0.3354591836734694
    }
  }
}